Date,Open,High,Low,Close
3/20/24,"5,181.69","5,226.19","5,171.55","5,224.62"
3/19/24,"5,139.09","5,180.31","5,131.59","5,178.51"
3/18/24,"5,154.77","5,175.60","5,145.47","5,149.42"
3/15/24,"5,123.31","5,136.86","5,104.35","5,117.09"
3/14/24,"5,175.14","5,176.85","5,123.30","5,150.48"
3/13/24,"5,173.49","5,179.14","5,151.88","5,165.31"
3/12/24,"5,134.30","5,179.87","5,114.48","5,175.27"
3/11/24,"5,111.96","5,124.66","5,091.14","5,117.94"
3/8/24,"5,164.46","5,189.26","5,117.50","5,123.69"
3/7/24,"5,132.38","5,165.62","5,128.21","5,157.36"
3/6/24,"5,108.03","5,127.97","5,092.22","5,104.76"
3/5/24,"5,110.52","5,114.54","5,056.82","5,078.65"
3/4/24,"5,130.99","5,149.67","5,127.18","5,130.95"
3/1/24,"5,098.51","5,140.33","5,094.16","5,137.08"
2/29/24,"5,085.36","5,104.99","5,061.89","5,096.27"
2/28/24,"5,067.20","5,077.37","5,058.35","5,069.76"
2/27/24,"5,074.60","5,080.69","5,057.29","5,078.18"
2/26/24,"5,093.00","5,097.66","5,068.91","5,069.53"
2/23/24,"5,100.92","5,111.06","5,081.46","5,088.80"
2/22/24,"5,038.83","5,094.39","5,038.83","5,087.03"
2/21/24,"4,963.03","4,983.21","4,946.00","4,981.80"
2/20/24,"4,989.32","4,993.71","4,955.02","4,975.51"
2/16/24,"5,031.13","5,038.70","4,999.52","5,005.57"
2/15/24,"5,003.14","5,032.72","4,999.44","5,029.73"
2/14/24,"4,976.44","5,002.52","4,956.45","5,000.62"
2/13/24,"4,967.94","4,971.30","4,920.31","4,953.17"
2/12/24,"5,026.83","5,048.39","5,016.83","5,021.84"
2/9/24,"5,004.17","5,030.06","5,000.34","5,026.61"
2/8/24,"4,995.16","5,000.40","4,987.09","4,997.91"
2/7/24,"4,973.05","4,999.89","4,969.05","4,995.06"
2/6/24,"4,950.16","4,957.77","4,934.88","4,954.23"
2/5/24,"4,957.19","4,957.19","4,918.09","4,942.81"
2/2/24,"4,916.06","4,975.29","4,907.99","4,958.61"
2/1/24,"4,861.11","4,906.97","4,853.52","4,906.19"
1/31/24,"4,899.19","4,906.75","4,845.15","4,845.65"
1/30/24,"4,925.89","4,931.09","4,916.27","4,924.97"
1/29/24,"4,892.95","4,929.31","4,887.40","4,927.93"
1/26/24,"4,888.91","4,906.69","4,881.47","4,890.97"
1/25/24,"4,886.66","4,898.15","4,869.34","4,894.16"
1/24/24,"4,888.56","4,903.68","4,865.94","4,868.55"
1/23/24,"4,856.80","4,866.48","4,844.37","4,864.60"
1/22/24,"4,853.42","4,868.41","4,844.05","4,850.43"
1/19/24,"4,796.28","4,842.07","4,785.87","4,839.81"
1/18/24,"4,760.10","4,785.79","4,740.57","4,780.94"
1/17/24,"4,739.13","4,744.23","4,714.82","4,739.21"
1/16/24,"4,772.35","4,782.34","4,747.12","4,765.98"
1/12/24,"4,791.18","4,802.40","4,768.98","4,783.83"
1/11/24,"4,792.13","4,798.50","4,739.58","4,780.24"
1/10/24,"4,759.94","4,790.80","4,756.20","4,783.45"
1/9/24,"4,741.93","4,765.47","4,730.35","4,756.50"
1/8/24,"4,703.70","4,764.54","4,699.82","4,763.54"
1/5/24,"4,690.57","4,721.49","4,682.11","4,697.24"
1/4/24,"4,697.42","4,726.78","4,687.53","4,688.68"
1/3/24,"4,725.07","4,729.29","4,699.71","4,704.81"
1/2/24,"4,745.20","4,754.33","4,722.67","4,742.83"
12/29/23,"4,782.88","4,788.43","4,751.99","4,769.83"
12/28/23,"4,786.44","4,793.30","4,780.98","4,783.35"
12/27/23,"4,773.45","4,785.39","4,768.90","4,781.58"
12/26/23,"4,758.86","4,784.72","4,758.45","4,774.75"
12/22/23,"4,753.92","4,772.94","4,736.77","4,754.63"
12/21/23,"4,724.29","4,748.71","4,708.35","4,746.75"
12/20/23,"4,764.73","4,778.01","4,697.82","4,698.35"
12/19/23,"4,743.72","4,768.69","4,743.72","4,768.37"
12/18/23,"4,725.58","4,749.52","4,725.58","4,740.56"
12/15/23,"4,714.23","4,725.53","4,704.69","4,719.19"
12/14/23,"4,721.04","4,738.57","4,694.34","4,719.55"
12/13/23,"4,646.20","4,709.69","4,643.23","4,707.09"
12/12/23,"4,618.30","4,643.93","4,608.09","4,643.70"
12/11/23,"4,593.39","4,623.71","4,593.39","4,622.44"
12/8/23,"4,576.20","4,609.23","4,574.06","4,604.37"
12/7/23,"4,568.84","4,590.92","4,565.22","4,585.59"
12/6/23,"4,586.23","4,590.74","4,546.50","4,549.34"
12/5/23,"4,557.25","4,578.56","4,551.68","4,567.18"
12/4/23,"4,564.37","4,572.37","4,546.72","4,569.78"
12/1/23,"4,559.43","4,599.39","4,554.71","4,594.63"
11/30/23,"4,554.87","4,569.89","4,537.24","4,567.80"
11/29/23,"4,571.84","4,587.64","4,547.15","4,550.58"
11/28/23,"4,545.55","4,568.14","4,540.51","4,554.89"
11/27/23,"4,554.86","4,560.52","4,546.32","4,550.43"
11/24/23,"4,555.84","4,560.31","4,552.80","4,559.34"
11/22/23,"4,553.04","4,568.43","4,545.05","4,556.62"
11/21/23,"4,538.77","4,542.14","4,525.51","4,538.19"
11/20/23,"4,511.70","4,557.11","4,510.36","4,547.38"
11/17/23,"4,509.55","4,520.12","4,499.66","4,514.02"
11/16/23,"4,497.08","4,511.99","4,487.83","4,508.24"
11/15/23,"4,505.30","4,521.17","4,495.31","4,502.88"
11/14/23,"4,458.97","4,508.67","4,458.97","4,495.70"
11/13/23,"4,406.66","4,421.76","4,393.82","4,411.55"
11/10/23,"4,364.15","4,418.03","4,353.34","4,415.24"
11/9/23,"4,391.41","4,393.40","4,343.94","4,347.35"
11/8/23,"4,384.37","4,391.20","4,359.76","4,382.78"
11/7/23,"4,366.21","4,386.26","4,355.41","4,378.38"
11/6/23,"4,364.27","4,372.21","4,347.53","4,365.98"
11/3/23,"4,334.23","4,373.62","4,334.23","4,358.34"
11/2/23,"4,268.26","4,319.72","4,268.26","4,317.78"
11/1/23,"4,201.27","4,245.64","4,197.74","4,237.86"
10/31/23,"4,171.33","4,195.55","4,153.12","4,193.80"
10/30/23,"4,139.39","4,177.47","4,132.94","4,166.82"
10/27/23,"4,152.93","4,156.70","4,103.78","4,117.37"
10/26/23,"4,175.99","4,183.60","4,127.90","4,137.23"
10/25/23,"4,232.42","4,232.42","4,181.42","4,186.77"
10/24/23,"4,235.79","4,259.38","4,219.43","4,247.68"
10/23/23,"4,210.40","4,255.84","4,189.22","4,217.04"
10/20/23,"4,273.85","4,276.56","4,223.03","4,224.16"
10/19/23,"4,321.36","4,339.54","4,269.69","4,278.00"
10/18/23,"4,357.35","4,364.20","4,303.84","4,314.60"
10/17/23,"4,345.23","4,393.57","4,337.54","4,373.20"
10/16/23,"4,342.37","4,383.33","4,342.37","4,373.63"
10/13/23,"4,360.49","4,377.10","4,311.97","4,327.78"
10/12/23,"4,380.94","4,385.85","4,325.43","4,349.61"
10/11/23,"4,366.59","4,378.64","4,345.34","4,376.95"
10/10/23,"4,339.75","4,385.46","4,339.64","4,358.24"
10/9/23,"4,289.02","4,341.73","4,283.79","4,335.66"
10/6/23,"4,234.79","4,324.10","4,219.55","4,308.50"
10/5/23,"4,259.31","4,267.13","4,225.91","4,258.19"
10/4/23,"4,233.83","4,268.50","4,220.48","4,263.75"
10/3/23,"4,269.75","4,281.15","4,216.45","4,229.45"
10/2/23,"4,284.52","4,300.58","4,260.21","4,288.39"
9/29/23,"4,328.18","4,333.15","4,274.86","4,288.05"
9/28/23,"4,269.65","4,317.27","4,264.38","4,299.70"
9/27/23,"4,282.63","4,292.07","4,238.63","4,274.51"
9/26/23,"4,312.88","4,313.01","4,265.98","4,273.53"
9/25/23,"4,310.62","4,338.51","4,302.70","4,337.44"
9/22/23,"4,341.74","4,357.40","4,316.49","4,320.06"
9/21/23,"4,374.36","4,375.70","4,329.17","4,330.00"
9/20/23,"4,452.81","4,461.03","4,401.38","4,402.20"
9/19/23,"4,445.41","4,449.85","4,416.61","4,443.95"
9/18/23,"4,445.13","4,466.36","4,442.11","4,453.53"
9/15/23,"4,497.98","4,497.98","4,447.21","4,450.32"
9/14/23,"4,487.78","4,511.99","4,478.69","4,505.10"
9/13/23,"4,462.65","4,479.39","4,453.52","4,467.44"
9/12/23,"4,473.27","4,487.11","4,456.83","4,461.90"
9/11/23,"4,480.98","4,490.77","4,467.89","4,487.46"
9/8/23,"4,451.30","4,473.53","4,448.38","4,457.49"
9/7/23,"4,434.55","4,457.81","4,430.46","4,451.14"
9/6/23,"4,490.35","4,490.35","4,442.38","4,465.48"
9/5/23,"4,510.06","4,514.29","4,496.01","4,496.83"
9/1/23,"4,530.85","4,541.25","4,501.35","4,515.77"
8/31/23,"4,517.01","4,532.26","4,507.39","4,507.66"
8/30/23,"4,500.34","4,521.65","4,493.59","4,514.87"
8/29/23,"4,432.75","4,500.14","4,431.68","4,497.63"
8/28/23,"4,426.03","4,439.56","4,414.98","4,433.31"
8/25/23,"4,389.38","4,418.46","4,356.29","4,405.71"
8/24/23,"4,455.16","4,458.30","4,375.55","4,376.31"
8/23/23,"4,396.44","4,443.18","4,396.44","4,436.01"
8/22/23,"4,415.33","4,418.59","4,382.77","4,387.55"
8/21/23,"4,380.28","4,407.55","4,360.30","4,399.77"
8/18/23,"4,344.88","4,381.82","4,335.31","4,369.71"
8/17/23,"4,416.32","4,421.17","4,364.83","4,370.36"
8/16/23,"4,433.79","4,449.95","4,403.55","4,404.33"
8/15/23,"4,478.87","4,478.87","4,432.19","4,437.86"
8/14/23,"4,458.13","4,490.33","4,453.44","4,489.72"
8/11/23,"4,450.69","4,476.23","4,443.98","4,464.05"
8/10/23,"4,487.16","4,527.37","4,457.92","4,468.83"
8/9/23,"4,501.57","4,502.44","4,461.33","4,467.71"
8/8/23,"4,498.03","4,503.31","4,464.39","4,499.38"
8/7/23,"4,491.58","4,519.84","4,491.15","4,518.44"
8/4/23,"4,513.96","4,540.34","4,474.55","4,478.03"
8/3/23,"4,494.27","4,519.49","4,485.54","4,501.89"
8/2/23,"4,550.93","4,550.93","4,505.75","4,513.39"
8/1/23,"4,578.83","4,584.62","4,567.53","4,576.73"
7/31/23,"4,584.82","4,594.22","4,573.14","4,588.96"
7/28/23,"4,565.75","4,590.16","4,564.01","4,582.23"
7/27/23,"4,598.26","4,607.07","4,528.56","4,537.41"
7/26/23,"4,558.96","4,582.47","4,547.58","4,566.75"
7/25/23,"4,555.19","4,580.62","4,552.42","4,567.46"
7/24/23,"4,543.39","4,563.41","4,541.29","4,554.64"
7/21/23,"4,550.16","4,555.00","4,535.79","4,536.34"
7/20/23,"4,554.38","4,564.74","4,527.56","4,534.87"
7/19/23,"4,563.87","4,578.43","4,557.48","4,565.72"
7/18/23,"4,521.78","4,562.30","4,514.59","4,554.98"
7/17/23,"4,508.86","4,532.85","4,504.90","4,522.79"
7/14/23,"4,514.61","4,527.76","4,499.56","4,505.42"
7/13/23,"4,491.50","4,517.38","4,489.36","4,510.04"
7/12/23,"4,467.69","4,488.34","4,463.23","4,472.16"
7/11/23,"4,415.55","4,443.64","4,408.46","4,439.26"
7/10/23,"4,394.23","4,412.60","4,389.92","4,409.53"
7/7/23,"4,404.54","4,440.39","4,397.40","4,398.95"
7/6/23,"4,422.62","4,422.62","4,385.05","4,411.59"
7/5/23,"4,442.04","4,454.06","4,436.61","4,446.82"
7/3/23,"4,449.45","4,456.46","4,442.29","4,455.59"
6/30/23,"4,422.44","4,458.48","4,422.44","4,450.38"
6/29/23,"4,374.94","4,398.39","4,371.97","4,396.44"
6/28/23,"4,367.48","4,390.35","4,360.22","4,376.86"
6/27/23,"4,337.36","4,384.42","4,335.00","4,378.41"
6/26/23,"4,344.84","4,362.06","4,328.08","4,328.82"
6/23/23,"4,354.17","4,366.55","4,341.34","4,348.33"
6/22/23,"4,355.40","4,382.25","4,351.82","4,381.89"
6/21/23,"4,380.01","4,386.22","4,360.14","4,365.69"
6/20/23,"4,396.11","4,400.15","4,367.19","4,388.71"
6/16/23,"4,442.70","4,448.47","4,407.44","4,409.59"
6/15/23,"4,365.33","4,439.20","4,362.60","4,425.84"
6/14/23,"4,366.29","4,391.82","4,337.85","4,372.59"
6/13/23,"4,352.61","4,375.37","4,349.31","4,369.01"
6/12/23,"4,308.32","4,340.13","4,304.37","4,338.93"
6/9/23,"4,304.88","4,322.62","4,291.70","4,298.86"
6/8/23,"4,268.69","4,298.01","4,261.07","4,293.93"
6/7/23,"4,285.47","4,299.19","4,263.96","4,267.52"
6/6/23,"4,271.34","4,288.33","4,263.09","4,283.85"
6/5/23,"4,282.99","4,299.28","4,266.82","4,273.79"
6/2/23,"4,241.01","4,290.67","4,241.01","4,282.37"
6/1/23,"4,183.03","4,232.43","4,171.64","4,221.02"
5/31/23,"4,190.74","4,195.44","4,166.15","4,179.83"
5/30/23,"4,226.71","4,231.10","4,192.18","4,205.52"
5/26/23,"4,155.98","4,212.87","4,156.16","4,205.45"
5/25/23,"4,155.71","4,165.74","4,129.73","4,151.28"
5/24/23,"4,132.96","4,132.96","4,103.98","4,115.24"
5/23/23,"4,176.80","4,185.68","4,142.54","4,145.58"
5/22/23,"4,190.78","4,209.22","4,179.68","4,192.63"
5/19/23,"4,204.15","4,212.91","4,180.20","4,191.98"
5/18/23,"4,157.68","4,202.20","4,153.50","4,198.05"
5/17/23,"4,122.85","4,164.67","4,113.62","4,158.77"
5/16/23,"4,127.95","4,135.54","4,109.86","4,109.90"
5/15/23,"4,126.65","4,141.25","4,110.27","4,136.28"
5/12/23,"4,138.54","4,143.74","4,099.12","4,124.08"
5/11/23,"4,132.24","4,132.80","4,109.29","4,130.62"
5/10/23,"4,143.74","4,154.28","4,098.92","4,137.64"
5/9/23,"4,124.25","4,130.35","4,116.65","4,119.17"
5/8/23,"4,136.98","4,142.30","4,123.81","4,138.12"
5/5/23,"4,084.73","4,147.02","4,084.73","4,136.25"
5/4/23,"4,082.55","4,082.61","4,048.28","4,061.22"
5/3/23,"4,122.25","4,148.30","4,088.86","4,090.75"
5/2/23,"4,164.10","4,164.10","4,089.72","4,119.58"
5/1/23,"4,166.79","4,186.92","4,164.12","4,167.87"
4/28/23,"4,129.63","4,170.06","4,127.18","4,169.48"
4/27/23,"4,075.29","4,138.24","4,075.29","4,135.35"
4/26/23,"4,087.78","4,089.67","4,049.35","4,055.99"
4/25/23,"4,126.43","4,126.43","4,071.38","4,071.63"
4/24/23,"4,132.07","4,142.41","4,117.77","4,137.04"
4/21/23,"4,132.14","4,138.02","4,113.86","4,133.52"
4/20/23,"4,130.48","4,148.57","4,114.57","4,129.79"
4/19/23,"4,139.33","4,162.57","4,134.49","4,154.52"
4/18/23,"4,164.26","4,169.48","4,140.36","4,154.87"
4/17/23,"4,137.17","4,151.72","4,123.18","4,151.32"
4/14/23,"4,140.11","4,163.19","4,113.20","4,137.64"
4/13/23,"4,100.04","4,150.26","4,099.40","4,146.22"
4/12/23,"4,121.72","4,134.37","4,086.94","4,091.95"
4/11/23,"4,110.29","4,124.26","4,102.61","4,108.94"
4/10/23,"4,085.20","4,109.50","4,072.55","4,109.11"
4/6/23,"4,081.58","4,107.32","4,069.84","4,105.02"
4/5/23,"4,094.50","4,099.69","4,072.56","4,090.38"
4/4/23,"4,128.03","4,133.13","4,086.87","4,100.60"
4/3/23,"4,102.20","4,127.66","4,098.79","4,124.51"
3/31/23,"4,056.18","4,110.75","4,056.18","4,109.31"
3/30/23,"4,046.74","4,057.85","4,032.10","4,050.83"
3/29/23,"3,999.53","4,030.59","3,999.53","4,027.81"
3/28/23,"3,974.13","3,979.20","3,951.53","3,971.27"
3/27/23,"3,982.93","4,003.83","3,970.49","3,977.53"
3/24/23,"3,939.21","3,972.74","3,909.16","3,970.99"
3/23/23,"3,959.21","4,007.66","3,919.05","3,948.72"
3/22/23,"4,002.04","4,039.49","3,936.17","3,936.97"
3/21/23,"3,975.89","4,009.08","3,971.19","4,002.87"
3/20/23,"3,917.47","3,956.62","3,916.89","3,951.57"